"","Country.of.Origin","Farm.Name","Lot.Number","Mill","ICO.Number","Company","Altitude","Region","Producer","Number.of.Bags","Bag.Weight","In.Country.Partner","Harvest.Year","Grading.Date","Owner","Variety","Status","Processing.Method","Aroma","Flavor","Aftertaste","Acidity","Body","Balance","Uniformity","Clean.Cup","Sweetness","Overall","Defects","Total.Cup.Points","Moisture","Category.One.Defects","Quakers","Color","Category.Two.Defects","Expiration","Certification.Body","Certification.Address","Certification.Contact","sample_number","unit_of_measurement","altitude_low_meters","altitude_high_meters","altitude_mean_meters"
"1","Taiwan","嵩岳咖啡莊園","202004","嵩岳咖啡莊園","","tcl 台灣咖啡研究室","1200","雲林-石壁","郭亮志",3,"60 kg","NKG Quality Service (a division of Bernhard Rothfos Intercafé AG)","2020","September 1st, 2020","郭亮志 guoliangzhi","Gesha","Completed","Natural / Dry",8.58,8.67,8.17,8.25,8.5,8.58,10,10,10,8.5,0,89.25,0.11,0,0,"None",0,"September 1st, 2021","NKG Quality Service (a division of Bernhard Rothfos Intercafé AG)","4ef366106e3e0154910b04e7f00eabb68b1e1842","313a15ddc00be422961ea35b77a07e6755f8b591",797340,"m",1200,1200,1200
"2","Kenya","","1542247","tylor winch","037-1673-5107","nestle nespresso sa","1650","","Tylor Winch Volcafe",320,"69 kg","NKG Quality Service (a division of Bernhard Rothfos Intercafé AG)","2019","October 30th, 2020","alexis rodriguez","SL28","Completed","Washed / Wet",8.33,8.5,8.25,8.67,8.42,8.42,10,10,10,8.58,0,89.17,0.11,0,0,"Green",1,"October 30th, 2021","NKG Quality Service (a division of Bernhard Rothfos Intercafé AG)","4ef366106e3e0154910b04e7f00eabb68b1e1842","313a15ddc00be422961ea35b77a07e6755f8b591",630917,"m",1650,1650,1650
"3","Ethiopia","honey drip","1","non","","宸嶧國際有限公司","2219","ethiopia","Honey Dip",37,"20 kg","Japan Coffee Exchange","2020","July 14th, 2020","blossom valley international","Ethiopian Heirlooms","Completed","Other",8.25,8.25,7.92,8.42,7.92,8.08,10,10,10,8.33,0,87.17,0.11,0,3,"Green",4,"July 14th, 2021","Japan Coffee Exchange","6581de2d874e7e9a52288f22d67124f70aeb24cc","fbd9ea91e040a94b329c1772906d76f6f2ead381",961547,"m",2219,2219,2219
"4","Colombia","granja el sauce","001 Tostado SW","dry mill/ honey process","","tostado sw limited","1650","santander colombia","Alvaro Edgar Ramirez Jauregui",1,"20 kg","NKG Quality Service (a division of Bernhard Rothfos Intercafé AG)","2019","September 4th, 2020","fernando","Other","Completed","Pulped natural / honey",8.33,8.08,7.75,8.33,8.17,8.17,10,10,10,8.25,0,87.08,0.11,0,0,"None",0,"September 4th, 2021","NKG Quality Service (a division of Bernhard Rothfos Intercafé AG)","4ef366106e3e0154910b04e7f00eabb68b1e1842","313a15ddc00be422961ea35b77a07e6755f8b591",976095,"m",1650,1650,1650
"5","Ethiopia","kata muduga","1","kata muduga farmers","","haia gmbh","15002100","limu","Kata Muduga Farmers Union",100,"60 kg","NKG Quality Service (a division of Bernhard Rothfos Intercafé AG)","2020","September 1st, 2020","dr. marcel lorenz","Other","Completed","Washed / Wet",8,8.33,8.17,8,8,8.17,10,10,10,8.25,0,86.92,0.11,0,0,"Green",0,"September 1st, 2021","NKG Quality Service (a division of Bernhard Rothfos Intercafé AG)","4ef366106e3e0154910b04e7f00eabb68b1e1842","313a15ddc00be422961ea35b77a07e6755f8b591",640499,"m",15002100,15002100,15002100
"6","Ethiopia","non","1","non","E0205","宸嶧國際有限公司","2100","ethiopia sidamo guji uraga adola","non",200,"30 kg","Japan Coffee Exchange","2020","July 14th, 2020","blossom valley international","Other","Completed","Washed / Wet",8.25,8.17,7.92,8.17,7.83,8,10,10,10,8.25,0,86.58,0.12,0,1,"Green",3,"July 14th, 2021","Japan Coffee Exchange","6581de2d874e7e9a52288f22d67124f70aeb24cc","fbd9ea91e040a94b329c1772906d76f6f2ead381",507718,"m",2100,2100,2100
"7","Ethiopia","local farm","14","hulling","010/0240/0002","al-impex business plc","2000","dila","Alemayehue Gume",300,"60 kg","METAD Agricultural Development plc","2019","June 29th, 2020","al-impex business plc","Ethiopian Yirgacheffe","Completed","Washed / Wet",8,8,8,8.08,8,8,10,10,10,8.17,0,86.25,0.1,0,0,"Blue-Green",0,"June 29th, 2021","METAD Agricultural Development plc","0d509c2a0a5cb41878e2f6288871b479b459e84d","9e93b9685ded5cc9e626b56fd148c9bcbb224233",758571,"m",2000,2000,2000
"8","Taiwan","嵩岳咖啡莊園","202002","嵩岳咖啡莊園","","tcl 台灣咖啡研究室","1200","雲林-石壁","郭志豪",4,"50 kg","NKG Quality Service (a division of Bernhard Rothfos Intercafé AG)","2019","September 1st, 2020","jim郭志豪","Gesha","Completed","Natural / Dry",7.83,8.17,7.92,7.83,7.92,8,10,10,10,8.08,0,85.75,0.1,0,0,"None",0,"September 1st, 2021","NKG Quality Service (a division of Bernhard Rothfos Intercafé AG)","4ef366106e3e0154910b04e7f00eabb68b1e1842","313a15ddc00be422961ea35b77a07e6755f8b591",619167,"m",1200,1200,1200
"9","Ethiopia","local farmer","14","hulling","010/0240/0002","al-impex business plc","1994","dila","Alemayehue Mesfin",300,"60 kg","METAD Agricultural Development plc","2019","June 13th, 2020","al-impex business plc","Ethiopian Yirgacheffe","Completed","Washed / Wet",8,8,7.83,8,8,8,10,10,10,7.83,0,85.67,0.1,0,0,"Green",7,"June 13th, 2021","METAD Agricultural Development plc","0d509c2a0a5cb41878e2f6288871b479b459e84d","9e93b9685ded5cc9e626b56fd148c9bcbb224233",529406,"m",1994,1994,1994
"10","Ethiopia","none","1","non","E0062","宸嶧國際有限公司","1800","ethiopia yirgacheffe","none",35,"30 kg","Japan Coffee Exchange","2020","July 14th, 2020","blossom valley international","Ethiopian Heirlooms","Completed","Washed / Wet",8.17,8,7.67,8,7.75,7.83,10,10,10,8,0,85.42,0.11,0,0,"Green",2,"July 14th, 2021","Japan Coffee Exchange","6581de2d874e7e9a52288f22d67124f70aeb24cc","fbd9ea91e040a94b329c1772906d76f6f2ead381",811504,"m",1800,1800,1800
"11","Honduras","la guama","431","bon cafe s.a.","13-115-237","bon cafe s.a","1450","la paz","NAHUN EDGARDO FLORES GAMEZ.",250,"69 kg","Instituto Hondureño del Café","2019","May 22nd, 2020","marco tulio fuentes lobo","Catuai","Completed","Washed / Wet",7.92,7.92,7.75,7.92,7.92,7.83,10,10,10,7.92,0,85.17,0.09,0,0,"Green",1,"May 22nd, 2021","Instituto Hondureño del Café","47f6e97ac9d0c2f153aefea0b25aeadd14c069cf","60bb08f9e0e189fb9d181db9f4fb6f54ac3cb278",135582,"m",1450,1450,1450
"12","Uganda","kawacom sipi project","035 170 5001123","kawacom uganda limted","","kawacom uganda ltd","1790","eastern uganda","Kawacom Sipi Project",300,"60 kg","Uganda Coffee Development Authority","2019","May 29th, 2020","kawacom uganda ltd","SL28","Completed","Washed / Wet",7.83,8.08,7.92,7.67,7.83,7.75,10,10,10,8,0,85.08,0.1,0,0,"Green",0,"May 29th, 2021","Uganda Coffee Development Authority","184c6294b3b2c65e5f9f48afff0456e2af0c8162","c6452d09801faff74c97c107c5a6652e2cd97026",939387,"m",1790,1790,1790
"13","Ethiopia","cooperative kota","unwashed Jimma Grade 1 - Kota Cooperative","dry mill","010","ec successfood sàrl","1700","jimma","Kata Muduga Union",10,"60 kg","NKG Quality Service (a division of Bernhard Rothfos Intercafé AG)","2019","January 29th, 2020","ennio cantergiani","Ethiopian Heirlooms","Completed","Natural / Dry",7.58,8.17,7.75,8.25,7.75,7.5,10,10,10,8,0,85,0.1,0,1,"Green",3,"January 28th, 2021","NKG Quality Service (a division of Bernhard Rothfos Intercafé AG)","4ef366106e3e0154910b04e7f00eabb68b1e1842","313a15ddc00be422961ea35b77a07e6755f8b591",835570,"m",1700,1700,1700
"14","Kenya","non","1","ruchu coffee factory","KY1268","宸嶧國際有限公司","1700","kenya muranga","non",260,"30 kg","Japan Coffee Exchange","2019","July 14th, 2020","blossom valley international","SL28","Completed","Washed / Wet",7.92,7.92,7.75,7.75,7.75,7.75,10,10,10,8,0,84.83,0.11,0,0,"Green",2,"July 14th, 2021","Japan Coffee Exchange","6581de2d874e7e9a52288f22d67124f70aeb24cc","fbd9ea91e040a94b329c1772906d76f6f2ead381",123896,"m",1700,1700,1700
"15","Colombia","sucafina colombia sas","3-0960-01793","sucafina colombia sas","3-0960-01793","sucafina colombia sas","1300","huila","Sucafina Colombia SAS",275,"70 kg","ASOCIACIÓN COLOMBIANA PARA LA EXCELENCIA DEL CAFE","2020","September 8th, 2020","sucafina colombia sas","Caturra","Completed","Washed / Wet",7.92,7.75,7.67,8,7.83,7.83,10,10,10,7.75,0,84.75,0.11,0,2,"Green",1,"September 8th, 2021","ASOCIACIÓN COLOMBIANA PARA LA EXCELENCIA DEL CAFE","fc1252132731e31da69d9c8472a6c44a6635ae7a","7f23c923f0d2eb4f0b24ec2d2534bcbf2f060a86",471216,"m",1300,1300,1300
"16","Tanzania, United Republic Of","ruanda amcos","SSTZ-63518/TN952","mbozi coffee curing","033/100/060","kenyacof","1700","songwe","Ruanda Amcos",20,"60 kg","Kenya Coffee Traders Association","2019","February 20th, 2020","daniel magu","Bourbon","Completed","Washed / Wet",7.83,7.83,7.5,8,7.92,7.75,10,10,10,7.83,0,84.67,0.12,0,0,"Green",5,"February 19th, 2021","Kenya Coffee Traders Association","bb584688ed4025cf42ebb91619c3df55174f9d7a","ca2b300b00c8570cd2a453fdc041434f6a308a3b",427875,"m",1700,1700,1700
"17","Nicaragua","aldea global","P48161","aldea coffee","017/191/1841","asociación aldea global jinotega","1100","matagalpa","Aldea Global",275,"69 kg","Asociación de Cafés Especiales de Nicaragua","2019","September 9th, 2020","asociación aldea global jinotega","SHG","Completed","Washed / Wet",7.83,7.67,7.58,7.83,8,7.83,10,10,10,7.92,0,84.67,0,0,0,"Green",1,"September 9th, 2021","Asociación de Cafés Especiales de Nicaragua","27753597c71b4719e8eea945d35b4afbea9df3bf","b29ae309be5f2c54e797e9e20f91586a5e444979",713155,"m",1100,1100,1100
"18","Costa Rica","beneficio montañas del diamante","10410-1","beneficio montañas del diamante","5-0025-0101","ceca,s.a.","1848","tarrazu","Martín Gutierrez",150,"35 kg","Specialty Coffee Association of Costa Rica","2020","March 27th, 2020","ceca, s.a.","Caturra","Completed","Washed / Wet",7.75,7.75,7.67,8,7.92,7.75,10,10,10,7.75,0,84.58,0.09,0,3,"None",3,"March 27th, 2021","Specialty Coffee Association of Costa Rica","b9aae988aae1d9ea780edbcea541e142e93899a0","5a303a9ee700ce952d9fd93d46a1915bb545a456",501173,"m",1848,1848,1848
"19","Tanzania, United Republic Of","ruanda amcos","SSTZ-63517/TN951","mbozi curing","033/100/047","kenyacof","1700","songwe","Ruanda AMCOS",300,"60 kg","Kenya Coffee Traders Association","2019","February 6th, 2020","daniel magu","Bourbon","Completed","Washed / Wet",7.75,7.75,7.83,7.67,7.83,7.83,10,10,10,7.83,0,84.5,0.12,0,0,"",5,"February 5th, 2021","Kenya Coffee Traders Association","bb584688ed4025cf42ebb91619c3df55174f9d7a","ca2b300b00c8570cd2a453fdc041434f6a308a3b",408751,"m",1700,1700,1700
"20","Uganda","bcu","BCU01/20","dry mill","","kozzy kare assisted living , llc","2800","uganda","Bugisu Cooperative Union , Ltd.",2,"1 kg","Specialty Coffee Association","2019","March 5th, 2020","joseph bugyendu","SL14","Completed","Washed / Wet",7.75,7.83,7.75,7.67,7.83,7.92,10,10,10,7.75,0,84.5,0.12,0,0,"Green",10,"March 5th, 2021","Specialty Coffee Association","f651e007b5572c9033e8966394f12cd0e4a5c352","607a6b3c9391f20386fb2c11d69521950f85908c",694807,"m",2800,2800,2800
"21","Nicaragua","","1573236","cisa / mercon","017-001-0487","nestle nespresso sa","1600","matagalpa","CISA-MERCON",320,"69 kg","NKG Quality Service (a division of Bernhard Rothfos Intercafé AG)","2019","November 3rd, 2020","alexis rodriguez","Pacamara","Completed","Washed / Wet",8,7.83,7.75,7.75,7.67,7.58,10,10,10,7.67,0,84.25,0.11,0,1,"Other",4,"November 3rd, 2021","NKG Quality Service (a division of Bernhard Rothfos Intercafé AG)","4ef366106e3e0154910b04e7f00eabb68b1e1842","313a15ddc00be422961ea35b77a07e6755f8b591",275081,"m",1600,1600,1600
"22","Tanzania, United Republic Of","finagro plantations ltd","K28715","arusha coffee mill ltd","","coffee exporters ltd","1750","oldeani, ngorongoro","Finagro Plantations ltd",300,"60 kg","Kenya Coffee Traders Association","2020 / 2021","November 18th, 2020","kavita vohora","Orange Bourbon","Completed","Washed / Wet",7.75,7.75,7.75,7.83,7.83,7.58,10,10,10,7.75,0,84.25,0.115,0,0,"Green",6,"November 18th, 2021","Kenya Coffee Traders Association","bb584688ed4025cf42ebb91619c3df55174f9d7a","ca2b300b00c8570cd2a453fdc041434f6a308a3b",226926,"m",1750,1750,1750
"23","Honduras","las cuchillas","156","mill","13-111-079","mercon honduras","1450","comayagua","Fausto Nahun Maldonado",275,"69 kg","Instituto Hondureño del Café","2020","March 10th, 2020","juan manuel sanchez silvestre","Catuai","Completed","Washed / Wet",7.92,7.75,7.58,7.83,7.75,7.75,10,10,10,7.67,0,84.25,0.1,0,0,"Green",1,"March 10th, 2021","Instituto Hondureño del Café","47f6e97ac9d0c2f153aefea0b25aeadd14c069cf","60bb08f9e0e189fb9d181db9f4fb6f54ac3cb278",925989,"m",1450,1450,1450
"24","Colombia","el prado","3-59-03034","neiva","3-59-03034","carcafe ltda","442","huila","FRANKLIN DUSSAN",150,"70 kg","ASOCIACIÓN COLOMBIANA PARA LA EXCELENCIA DEL CAFE","2020","August 27th, 2020","rodrigo amaya","Caturra","Completed","Washed / Wet",7.83,7.75,7.58,7.58,7.92,7.75,10,10,10,7.75,0,84.17,0.11,0,0,"Green",3,"August 27th, 2021","ASOCIACIÓN COLOMBIANA PARA LA EXCELENCIA DEL CAFE","fc1252132731e31da69d9c8472a6c44a6635ae7a","7f23c923f0d2eb4f0b24ec2d2534bcbf2f060a86",353708,"m",442,442,442
"25","Papua New Guinea","erandora farms","Typica","aionora factory","166","erandora coffee","1600","eastern highlands","Erandora Coffee",120,"7200 kg","Specialty Coffee Association","2019","January 21st, 2020","nimo kama","Typica","Completed","Washed / Wet",7.67,7.92,7.67,7.67,7.67,7.75,10,10,10,7.75,0,84.08,0.11,0,0,"Green",4,"January 20th, 2021","Specialty Coffee Association","f651e007b5572c9033e8966394f12cd0e4a5c352","607a6b3c9391f20386fb2c11d69521950f85908c",881745,"m",1600,1600,1600
"26","Vietnam","apollo estate","Apollo Washed (2) 2019","dry mill","","sunvirtue co., ltd.","1040","dalat","Yeh, Li Chuan",1,"2 kg","Specialty Coffee Association","2019","March 10th, 2020","sunvirtue co., ltd.","Catimor","Completed","Washed / Wet",7.58,7.75,7.58,7.58,7.83,7.92,10,10,10,7.83,0,84.08,0.13,0,0,"Bluish-Green",0,"March 10th, 2021","Specialty Coffee Association","f651e007b5572c9033e8966394f12cd0e4a5c352","607a6b3c9391f20386fb2c11d69521950f85908c",551955,"m",1040,1040,1040
"27","Burundi","gisha","1150","budeca","27/01","bugestal","1666","ngozi","BUGESTAL",320,"60 kg","Kenya Coffee Traders Association","2020","August 18th, 2020","bugestal sprl","Bourbon","Completed","Washed / Wet",7.58,7.75,7.75,7.67,7.83,7.75,10,10,10,7.75,0,84.08,0.1,0,0,"Green",1,"August 18th, 2021","Kenya Coffee Traders Association","bb584688ed4025cf42ebb91619c3df55174f9d7a","ca2b300b00c8570cd2a453fdc041434f6a308a3b",502806,"m",1666,1666,1666
"28","Tanzania, United Republic Of","ruanda amcos","SSTZ-65314/TN968","mbozi coffee curing","033/100/063","kenyacof","1700","songwe","Ruanda Amcos",30,"60 kg","Kenya Coffee Traders Association","2019","March 6th, 2020","daniel magu","Bourbon","Completed","Washed / Wet",8.17,7.67,7.5,7.67,7.75,7.67,10,10,10,7.67,0,84.08,0.12,0,0,"Green",4,"March 6th, 2021","Kenya Coffee Traders Association","bb584688ed4025cf42ebb91619c3df55174f9d7a","ca2b300b00c8570cd2a453fdc041434f6a308a3b",374364,"m",1700,1700,1700
"29","Guatemala","","1567454","beneficio central - efico","011-030-575","nestle nespresso sa","1600","fraijanes","",275,"69 kg","NKG Quality Service (a division of Bernhard Rothfos Intercafé AG)","2019","November 4th, 2020","alexis rodriguez","Other","Completed","Washed / Wet",8.08,7.83,7.67,7.67,7.42,7.67,10,10,10,7.67,0,84,0.11,1,2,"Other",4,"November 4th, 2021","NKG Quality Service (a division of Bernhard Rothfos Intercafé AG)","4ef366106e3e0154910b04e7f00eabb68b1e1842","313a15ddc00be422961ea35b77a07e6755f8b591",900224,"m",1600,1600,1600
"30","Honduras","la guama","116","bon cafe s. a.","13-115-42","bon cafe s.a","1450","la paz","NAHUN EDGARDO FLORES GAMEZ.",275,"69 kg","Instituto Hondureño del Café","2019","January 9th, 2020","marco tulio fuentes lobo","Catuai","Completed","Washed / Wet",7.75,7.83,7.5,7.75,7.75,7.67,10,10,10,7.75,0,84,0.1,0,1,"Green",3,"January 8th, 2021","Instituto Hondureño del Café","47f6e97ac9d0c2f153aefea0b25aeadd14c069cf","60bb08f9e0e189fb9d181db9f4fb6f54ac3cb278",366737,"m",1450,1450,1450
"31","Guatemala","not specificated","11/63/712","dry mill of exportcafe","","marubeni corporation","1300-1800","guatemala huehuetenango","Exportcafe, S.A.",275,"69 kg","Japan Coffee Exchange","2020","September 1st, 2020","ikuto uehara","Other","Completed","Washed / Wet",7.92,7.75,7.58,7.75,7.5,7.75,10,10,10,7.67,0,83.92,0.12,0,1,"Green",0,"September 1st, 2021","Japan Coffee Exchange","6581de2d874e7e9a52288f22d67124f70aeb24cc","fbd9ea91e040a94b329c1772906d76f6f2ead381",599249,"m",1300,1800,1550
"32","Colombia","el prado","3-59-02703","neiva","3-59-2703","carcafe ltda","442","huila","FRANKLIN DUSSAN",200,"29 kg","ASOCIACIÓN COLOMBIANA PARA LA EXCELENCIA DEL CAFE","2020","October 2nd, 2020","rodrigo amaya","Caturra","Completed","Washed / Wet",7.83,7.67,7.58,7.83,7.83,7.67,10,10,10,7.42,0,83.83,0.105,0,1,"Green",1,"October 2nd, 2021","ASOCIACIÓN COLOMBIANA PARA LA EXCELENCIA DEL CAFE","fc1252132731e31da69d9c8472a6c44a6635ae7a","7f23c923f0d2eb4f0b24ec2d2534bcbf2f060a86",848100,"m",442,442,442
"33","Honduras","not specificated","13/186/048","dry mill of safracafe","13/186/048","marubeni corporation","1200-1500","honduras copan","Aprocafesca",285,"69 kg","Japan Coffee Exchange","2020","October 27th, 2020","ikuto uehara","Other","Completed","Washed / Wet",7.75,7.75,7.75,7.67,7.5,7.67,10,10,10,7.75,0,83.83,0.115,0,1,"Green",2,"October 27th, 2021","Japan Coffee Exchange","6581de2d874e7e9a52288f22d67124f70aeb24cc","fbd9ea91e040a94b329c1772906d76f6f2ead381",747694,"m",1200,1500,1350
"34","Guatemala","las rosas","415000557","","11-63-1257","retrillas del pacifico, s. a.","1500","huehuetenango","ROLANDO BELARMINO VILLATORO VILLATORO",275,"69 kg","Asociacion Nacional Del Café","2020","July 7th, 2020","byron gonzalez","Bourbon","Completed","Natural / Dry",7.5,7.92,7.58,7.58,7.67,7.75,10,10,10,7.83,0,83.83,0.11,0,1,"Green",4,"July 7th, 2021","Asociacion Nacional Del Café","6c171f3a8b7b3f7fa90b37f96b089b6e4823c87d","1000f3eea06dd24fe3e429f77f6cfaf4562d069b",919897,"m",1500,1500,1500
"35","Tanzania, United Republic Of","ruanda amcos","SSTZ-63517/TN951","mbozi coffee curing","033/100/047","kenyacof","1700","songwe","Ruanda Amcos",300,"60 kg","Kenya Coffee Traders Association","2019","January 29th, 2020","daniel magu","Bourbon","Completed","Washed / Wet",8.33,7.67,7.5,7.42,7.58,7.67,10,10,10,7.67,0,83.83,0.13,0,7,"Green",4,"January 28th, 2021","Kenya Coffee Traders Association","bb584688ed4025cf42ebb91619c3df55174f9d7a","ca2b300b00c8570cd2a453fdc041434f6a308a3b",188057,"m",1700,1700,1700
"36","Ethiopia","zenash","0517","tracon trading plc","010/0148/0517","mr.brown cafe","1943","ethiopia guji uraga solomo","TRACON TRADING PLC",267,"60 kg","Blossom Valley International宸嶧國際","2020","August 25th, 2020","mr.brown cafe","Ethiopian Heirlooms","Completed","Washed / Wet",7.83,7.75,7.67,7.58,7.58,7.67,10,10,10,7.75,0,83.83,0.11,0,0,"Green",0,"August 25th, 2021","Blossom Valley International宸嶧國際","21b97b50530f1719226acd11109f780f648798c5","4de1973464d8935971421d25e7d6a9f231af9c86",562525,"m",1943,1943,1943
"37","Costa Rica","beneficio montañas del diamante","10373-01","beneficio montañas del diamante","5-0025-0147","ceca,s.a.","1848","tarrazu","Martín Gutierrez",200,"69 kg","Specialty Coffee Association of Costa Rica","2020","April 17th, 2020","ceca, s.a.","Caturra","Completed","Washed / Wet",7.75,7.67,7.67,7.42,7.83,7.67,10,10,10,7.83,0,83.83,0.1,0,2,"Green",5,"April 17th, 2021","Specialty Coffee Association of Costa Rica","b9aae988aae1d9ea780edbcea541e142e93899a0","5a303a9ee700ce952d9fd93d46a1915bb545a456",468749,"m",1848,1848,1848
"38","Colombia","federación nacional de cafeteros de colombia","3/01/11613","federación nacional de cafeteros de colombia","3/01/11613","japan","1700","huila","Federación Nacional de Cafeteros de Colombia",275,"70 kg","Japan Coffee Exchange","2019","October 27th, 2020","yukinobu ueda","Caturra","Completed","Washed / Wet",7.67,7.58,7.67,7.75,7.75,7.75,10,10,10,7.58,0,83.75,0.12,0,1,"Bluish-Green",0,"October 27th, 2021","Japan Coffee Exchange","6581de2d874e7e9a52288f22d67124f70aeb24cc","fbd9ea91e040a94b329c1772906d76f6f2ead381",652231,"m",1700,1700,1700
"39","Guatemala","la burbuja","415000445","","11-63-848","retrillas del pacifico, s. a.","1500","huehuetenango","MARISSA JUDITH HERRERA VILLATORO",200,"69 kg","Asociacion Nacional Del Café","2020","July 6th, 2020","byron gonzalez","Bourbon","Completed","Natural / Dry",7.58,7.92,7.5,7.58,7.67,7.67,10,10,10,7.83,0,83.75,0.11,0,1,"Green",7,"July 6th, 2021","Asociacion Nacional Del Café","6c171f3a8b7b3f7fa90b37f96b089b6e4823c87d","1000f3eea06dd24fe3e429f77f6cfaf4562d069b",418612,"m",1500,1500,1500
"40","Guatemala","alta luz","415000544","","11-63-1073","retrillas del pacifico, s. a.","1400","huehuetenango","MARIA DE LOS ANGELES PEREZ",100,"69 kg","Asociacion Nacional Del Café","2020","July 7th, 2020","byron gonzalez","Bourbon","Completed","Natural / Dry",7.58,7.92,7.58,7.58,7.67,7.58,10,10,10,7.75,0,83.67,0.11,0,1,"Green",6,"July 7th, 2021","Asociacion Nacional Del Café","6c171f3a8b7b3f7fa90b37f96b089b6e4823c87d","1000f3eea06dd24fe3e429f77f6cfaf4562d069b",531749,"m",1400,1400,1400
"41","Taiwan","向陽台灣咖啡","20200215","向陽台灣咖啡","","tcl 台灣咖啡研究室","1000","國姓-九份二山","林言謙 LIN YEN CHIEN",1,"50 kg","NKG Quality Service (a division of Bernhard Rothfos Intercafé AG)","2019","September 3rd, 2020","lin, che-hao krude 林哲豪","Gesha","Completed","Natural / Dry",7.92,7.58,7.5,7.25,7.92,7.92,10,10,10,7.58,0,83.67,0.11,0,0,"Green",0,"September 3rd, 2021","NKG Quality Service (a division of Bernhard Rothfos Intercafé AG)","4ef366106e3e0154910b04e7f00eabb68b1e1842","313a15ddc00be422961ea35b77a07e6755f8b591",826052,"m",1000,1000,1000
"42","Brazil","santa bárbara","VJP-Q-2020-001","copag varginha","002/164-3/0120","ed&f man volcafe brasil ltda.","1020","monte carmelo's town - cerrado mineiro region","Múcio Cardoso",440,"59 kg","Brazil Specialty Coffee Association","2020 / 2021","October 27th, 2020","ed&f man volcafe brasil ltda.","Mundo Novo","Completed","Natural / Dry",7.58,7.75,7.58,7.83,7.58,7.67,10,10,10,7.58,0,83.58,0.11,0,0,"Green",3,"October 27th, 2021","Brazil Specialty Coffee Association","63f5d7a99575e7337c2f97b797df672d7f3d99da","fc61b28559223ff2dc4c0b8d7b960d651d9c8e26",363072,"m",1020,1020,1020
"43","Brazil","fazenda serrado","SC570/20","dry mill","00211451763","olam agricola","1100","carmo de minas","CAIO PEREIRA",300,"60 kg","Brazil Specialty Coffee Association","2020","November 23rd, 2020","welson de lacerda barbosa","Catuai","Completed","Natural / Dry",7.67,7.75,7.58,7.5,7.83,7.58,10,10,10,7.67,0,83.58,0.115,0,0,"Green",0,"November 23rd, 2021","Brazil Specialty Coffee Association","63f5d7a99575e7337c2f97b797df672d7f3d99da","fc61b28559223ff2dc4c0b8d7b960d651d9c8e26",481969,"m",1100,1100,1100
"44","Uganda","","035/011/7094","kyagalanyi coffee's namanve dry mill","035/011/7094","volcafe limited, japan","1700","rwenzori","Small Farmers in Rwenzori",290,"60 kg","Japan Coffee Exchange","2019","August 5th, 2020","volcafe japan","SL28","Completed","Washed / Wet",7.75,7.67,7.5,7.75,7.58,7.58,10,10,10,7.75,0,83.58,0.12,0,1,"Green",4,"August 5th, 2021","Japan Coffee Exchange","6581de2d874e7e9a52288f22d67124f70aeb24cc","fbd9ea91e040a94b329c1772906d76f6f2ead381",565015,"m",1700,1700,1700
"45","El Salvador","tuxpal","1","tuxpal","09-392-97","consejo salvadoreño del café","1200","apaneca","Tejemet, S.A. de C.V.",275,"69 kg","Salvadoran Coffee Council","2019","August 20th, 2020","consejo salvadoreño del café","Bourbon","Completed","Washed / Wet",7.92,7.83,7.42,7.5,7.67,7.67,10,10,10,7.5,0,83.5,0.11,0,0,"Green",1,"August 20th, 2021","Salvadoran Coffee Council","8e65ca76ef83abf9d6c101c253c0c3b1e8273cf6","f135f7e06455036527619ac14d51d4736f71e82e",826681,"m",1200,1200,1200
"46","Rwanda","imena cws","28/003/19031","coffee business center","","coffee business center ltd","1800","rusizi, gikundamvura","IMENA CWS",275,"60 kg","Kenya Coffee Traders Association","2020","September 4th, 2020","loic rwagasana","Bourbon","Completed","Washed / Wet",7.83,7.58,7.58,7.75,7.58,7.67,10,10,10,7.5,0,83.5,0.1,0,11,"None",9,"September 4th, 2021","Kenya Coffee Traders Association","bb584688ed4025cf42ebb91619c3df55174f9d7a","ca2b300b00c8570cd2a453fdc041434f6a308a3b",524961,"m",1800,1800,1800
"47","Guatemala","la esperanza","415000525","","11-63-1211","retrillas del pacifico, s. a.","1600","huehuetenango","FRANCISCO MORALES CARRILLO",275,"69 kg","Asociacion Nacional Del Café","2020","July 31st, 2020","byron gonzalez","Bourbon","Completed","Natural / Dry",7.58,7.83,7.5,7.75,7.5,7.58,10,10,10,7.67,0,83.42,0.1,0,0,"Green",5,"July 31st, 2021","Asociacion Nacional Del Café","6c171f3a8b7b3f7fa90b37f96b089b6e4823c87d","1000f3eea06dd24fe3e429f77f6cfaf4562d069b",360769,"m",1600,1600,1600
"48","Brazil","santa rita de cássia","0081/20","alfenas","","olam specialty coffee","1150","carmo de minas","Carlos Henrique Moreira",300,"18000 kg","Brazil Specialty Coffee Association","2019","February 10th, 2020","pedro santos e silva","Catuai","Completed","Natural / Dry",7.67,7.67,7.67,7.67,7.58,7.58,10,10,10,7.58,0,83.42,0.12,0,0,"Green",1,"February 9th, 2021","Brazil Specialty Coffee Association","63f5d7a99575e7337c2f97b797df672d7f3d99da","fc61b28559223ff2dc4c0b8d7b960d651d9c8e26",277424,"m",1150,1150,1150
"49","Honduras","finca los angeles","354","proceso de despulpado y lavado y zarandas para secado","13-154-86","coffee planet corporation s.a","1450","los cedros, francisco morazan","Ramon de Jesus Oliva",20,"69 kg","Instituto Hondureño del Café","2020","May 21st, 2020","janny marlith torres","Catuai","Completed","Washed / Wet",7.83,7.75,7.5,7.58,7.67,7.5,10,10,10,7.58,0,83.42,0.1,0,0,"Green",5,"May 21st, 2021","Instituto Hondureño del Café","47f6e97ac9d0c2f153aefea0b25aeadd14c069cf","60bb08f9e0e189fb9d181db9f4fb6f54ac3cb278",745862,"m",1450,1450,1450
"50","Guatemala","la burbuja","415000445","","11-63-848","retrillas del pacifico, s. a.","1500","huehuetenango","MARISA JUDITH HERRERA VILLATORO",200,"69 kg","Asociacion Nacional Del Café","2020","July 20th, 2020","byron gonzalez","Bourbon","Completed","Natural / Dry",7.5,7.83,7.42,7.58,7.58,7.67,10,10,10,7.67,0,83.25,0.1,0,2,"Green",8,"July 20th, 2021","Asociacion Nacional Del Café","6c171f3a8b7b3f7fa90b37f96b089b6e4823c87d","1000f3eea06dd24fe3e429f77f6cfaf4562d069b",528189,"m",1500,1500,1500
"51","Guatemala","las rosas","415000557","","11-63-1257","retrillas del pacifico, s. a.","1500","huehuetenango","ROLANDO BELARMINO VILLATORO VILLATORO",275,"69 kg","Asociacion Nacional Del Café","2020","July 20th, 2020","byron gonzalez","Bourbon","Completed","Natural / Dry",7.58,7.75,7.25,7.58,7.5,7.58,10,10,10,7.67,0,82.92,0.1,0,1,"Green",7,"July 20th, 2021","Asociacion Nacional Del Café","6c171f3a8b7b3f7fa90b37f96b089b6e4823c87d","1000f3eea06dd24fe3e429f77f6cfaf4562d069b",739227,"m",1500,1500,1500
"52","Guatemala","san jose del lago","11/15/54","san jose del lago","11/15/54","peter schoenfeld,s.a.","1547","atitlan","CAFETALERA PAQUIM,S.A.",60,"29 kg","Asociacion Nacional Del Café","2020","April 20th, 2020","byron gonzalez","Bourbon","Completed","Washed / Wet",7.5,7.75,7.42,7.5,7.5,7.5,10,10,10,7.58,0,82.75,0.1,0,1,"Green",6,"April 20th, 2021","Asociacion Nacional Del Café","6c171f3a8b7b3f7fa90b37f96b089b6e4823c87d","1000f3eea06dd24fe3e429f77f6cfaf4562d069b",270107,"m",1547,1547,1547
"53","Costa Rica","palmichal","10383","beneficio palmichal","5-0025-0044","ceca,s.a.","1250","tarrazu","Beneficio Palmichal",275,"69 kg","Specialty Coffee Association of Costa Rica","2020","February 12th, 2020","ceca, s.a.","Caturra","Completed","Washed / Wet",7.5,7.33,7.33,7.33,7.5,7.5,10,10,10,8.17,0,82.67,0.11,0,3,"Green",3,"February 11th, 2021","Specialty Coffee Association of Costa Rica","b9aae988aae1d9ea780edbcea541e142e93899a0","5a303a9ee700ce952d9fd93d46a1915bb545a456",777532,"m",1250,1250,1250
"54","Guatemala","linda vista","11-973-660","linda vista","11-973-660","mercon guatemala, s. a.","1800","santa rosa","PABLO ARTURO CHUY FLORES",275,"69 kg","Asociacion Nacional Del Café","2020","May 20th, 2020","byron gonzalez","Catuai","Completed","Washed / Wet",7.5,7.67,7.5,7.5,7.5,7.5,10,10,10,7.5,0,82.67,0.1,0,1,"Green",5,"May 20th, 2021","Asociacion Nacional Del Café","6c171f3a8b7b3f7fa90b37f96b089b6e4823c87d","1000f3eea06dd24fe3e429f77f6cfaf4562d069b",945126,"m",1800,1800,1800
"55","Honduras","la cuesta","366","dry mill","13-111-208","mercon honduras","1500","san andres lempira","Bernardina SDanchez",92,"30 kg","Instituto Hondureño del Café","2019","September 23rd, 2020","juan manuel sanchez silvestre","Catuai","Completed","Washed / Wet",7.75,7.58,7.33,7.5,7.5,7.42,10,10,10,7.5,0,82.58,0.1,0,0,"Green",2,"September 23rd, 2021","Instituto Hondureño del Café","47f6e97ac9d0c2f153aefea0b25aeadd14c069cf","60bb08f9e0e189fb9d181db9f4fb6f54ac3cb278",505661,"m",1500,1500,1500
"56","Brazil","vista alegre estate coffee","vga 2393","dry mil","","agrogenius","950","sul de minas","Paulo Cersar Ribeiro de Freitas",320,"60 kg","Brazil Specialty Coffee Association","2019","March 13th, 2020","erick","Catuai","Completed","Natural / Dry",7.5,7.83,7.5,7.42,7.42,7.5,10,10,10,7.42,0,82.58,0.11,0,0,"Bluish-Green",5,"March 13th, 2021","Brazil Specialty Coffee Association","63f5d7a99575e7337c2f97b797df672d7f3d99da","fc61b28559223ff2dc4c0b8d7b960d651d9c8e26",913558,"m",950,950,950
"57","Ecuador","various","001 Sumitomo","agrogora ltda","Q-081","agrogora lta & asociación de cafés especiales del ecuador","1200","andes mountains (imbabura, loja, zamora)","Several Producers of the Region",250,"69 kg","ASOCIACIÓN COLOMBIANA PARA LA EXCELENCIA DEL CAFE","2020","October 7th, 2020","wilson gonzalez ramos","Other","Completed","Washed / Wet",7.58,7.92,7.25,7.33,7.58,7.42,10,10,10,7.42,0,82.5,0.105,0,0,"Green",1,"October 7th, 2021","ASOCIACIÓN COLOMBIANA PARA LA EXCELENCIA DEL CAFE","fc1252132731e31da69d9c8472a6c44a6635ae7a","7f23c923f0d2eb4f0b24ec2d2534bcbf2f060a86",887829,"m",1200,1200,1200
"58","Brazil","cachoeira da grama","43106720 - K28761","dry mill","002/4542/0108","bourbon specialty coffees","1100","sul de minas","GABRIEL DE CARVALHO DIAS",300,"59 kg","Brazil Specialty Coffee Association","2020 / 2021","November 2nd, 2020","bourbon specialty coffees","Yellow Bourbon","Completed","Pulped natural / honey",7.5,7.42,7.33,7.58,7.58,7.58,10,10,10,7.5,0,82.5,0.12,0,2,"Green",6,"November 2nd, 2021","Brazil Specialty Coffee Association","63f5d7a99575e7337c2f97b797df672d7f3d99da","fc61b28559223ff2dc4c0b8d7b960d651d9c8e26",708727,"m",1100,1100,1100
"59","Guatemala","not specificated","11/63/311","dry mill of exportcafe","","marubeni corporation","1300-1800","guatemala huehuetenango","Exportcafe, S.A.",275,"69 kg","Japan Coffee Exchange","2020","September 1st, 2020","ikuto uehara","Other","Completed","Washed / Wet",7.5,7.42,7.5,7.5,7.5,7.58,10,10,10,7.5,0,82.5,0.12,0,1,"Green",2,"September 1st, 2021","Japan Coffee Exchange","6581de2d874e7e9a52288f22d67124f70aeb24cc","fbd9ea91e040a94b329c1772906d76f6f2ead381",325206,"m",1300,1800,1550
"60","Guatemala","finca medina","11/11711/77","finca medina","11/11711/77","siembras visión, s. a.","1650","antigua","SIEMBRAS VISIÓN, S. A.",250,"69 kg","Asociacion Nacional Del Café","2020","May 21st, 2020","byron gonzalez","Caturra","Completed","Washed / Wet",7.5,7.5,7.33,7.5,7.58,7.5,10,10,10,7.42,0,82.33,0.1,0,1,"Green",5,"May 21st, 2021","Asociacion Nacional Del Café","6c171f3a8b7b3f7fa90b37f96b089b6e4823c87d","1000f3eea06dd24fe3e429f77f6cfaf4562d069b",402577,"m",1650,1650,1650
"61","Nicaragua","finca aurora","1","beneficio - finca aurora","","mr.brown cafe","1200","matagalpa, nicaragua","Enrique Ferrufino",280,"69 kg","Blossom Valley International宸嶧國際","2020 / 2021","November 7th, 2020","mr.brown cafe","Caturra","Completed","Washed / Wet",7.58,7.5,7.33,7.67,7.25,7.5,10,10,10,7.5,0,82.33,0.105,0,0,"Other",0,"November 7th, 2021","Blossom Valley International宸嶧國際","21b97b50530f1719226acd11109f780f648798c5","4de1973464d8935971421d25e7d6a9f231af9c86",955100,"m",1200,1200,1200
"62","Nicaragua","exportadora atlantic s.a","017-053-0041","dry mill","017-053-0041","exportadora atlantic s.a","1100","nueva segovia","Several producers",275,"69 kg","Asociación de Cafés Especiales de Nicaragua","2019","January 18th, 2020","exportadora atlantic, s.a.","Caturra","Completed","Washed / Wet",7.58,7.5,7.5,7.5,7.5,7.25,10,10,10,7.42,0,82.25,0.11,1,0,"Green",8,"January 17th, 2021","Asociación de Cafés Especiales de Nicaragua","27753597c71b4719e8eea945d35b4afbea9df3bf","b29ae309be5f2c54e797e9e20f91586a5e444979",819209,"m",1100,1100,1100
"63","Vietnam","apollo estate","Apollo Honey 2019","dry mill","","sunvirtue co., ltd.","1040","dalat","Yeh, Li Chuan",1,"2 kg","Specialty Coffee Association","2019","March 10th, 2020","sunvirtue co., ltd.","Catimor","Completed","Washed / Wet",7.42,7.33,7.33,7.42,7.58,7.67,10,10,10,7.5,0,82.25,0.12,0,1,"Green",1,"March 10th, 2021","Specialty Coffee Association","f651e007b5572c9033e8966394f12cd0e4a5c352","607a6b3c9391f20386fb2c11d69521950f85908c",910258,"m",1040,1040,1040
"64","Colombia","bella vista","003-0059-01487","la sabana","003-0059-01487","carcafe ltda","1779","cundinamarca","Orlando Moreno",275,"70 kg","Specialty Coffee Association","2020","March 17th, 2020","rodrigo amaya","Caturra","Completed","Washed / Wet",7.33,7.5,7.5,7.58,7.42,7.5,10,10,10,7.42,0,82.25,0.11,0,11,"Bluish-Green",0,"March 17th, 2021","Specialty Coffee Association","f651e007b5572c9033e8966394f12cd0e4a5c352","607a6b3c9391f20386fb2c11d69521950f85908c",510686,"m",1779,1779,1779
"65","Mexico","finca custepec","016-2028-368","finca custepec","016-2028-368","exportadora café california","1300","chiapas","Armando Pohlenz",250,"17250 kg","Centro Agroecológico del Café A.C.","2019","April 1st, 2020","andreas kussmaul","Sarchimor","Completed","Washed / Wet",7.33,7.58,7.25,7.58,7.5,7.5,10,10,10,7.5,0,82.25,0.12,2,1,"Green",8,"April 1st, 2021","Centro Agroecológico del Café A.C.","2e3ec91414daee91c6efb8f67a4b26b5f3e66c3b","d7152d89b707c0efbcc7347f6c88544fe203b6fa",471378,"m",1300,1300,1300
"66","Brazil","cafebras comercio de cafes do brasil s/a","CB830/20","dry","","cafebras comércio de cafes do brasil","1.100","cerrado","CAFEBRAS COMERCIO DE CAFÉS DO BRASIL S/A",300,"300 kg","Brazil Specialty Coffee Association","2020 / 2021","September 15th, 2020","joão batista jarduli","Mundo Novo","Completed","Natural / Dry",7.33,7.42,7.08,7.92,7.5,7.5,10,10,10,7.5,0,82.25,0.11,1,1,"Bluish-Green",15,"September 15th, 2021","Brazil Specialty Coffee Association","63f5d7a99575e7337c2f97b797df672d7f3d99da","fc61b28559223ff2dc4c0b8d7b960d651d9c8e26",213200,"m",1100,1100,1100
"67","Guatemala","maria isabel","11/23/560","rio colorado","11/23/560","tokyo allied coffee roasters co.,ltd.","1600","fraijanes","UNEX",275,"69 kg","Japan Coffee Exchange","2019","October 27th, 2020","takanori suzuki","Bourbon","Completed","Washed / Wet",7.67,7.5,7.33,7.42,7.33,7.42,10,10,10,7.42,0,82.08,0.12,0,1,"Green",4,"October 27th, 2021","Japan Coffee Exchange","6581de2d874e7e9a52288f22d67124f70aeb24cc","fbd9ea91e040a94b329c1772906d76f6f2ead381",350487,"m",1600,1600,1600
"68","Taiwan","十萬咖啡（shin wan café)","2020臺南市精品咖啡評鑑批次","十萬咖啡（shin wan café)","","tcl 台灣咖啡研究室","680","dongshan dist., tainan city","陳英俊 (Chen Ying Jun)",2,"50 kg","NKG Quality Service (a division of Bernhard Rothfos Intercafé AG)","2020","September 1st, 2020","lin, che-hao krude 林哲豪","Gesha","Completed","Pulped natural / honey",7.5,7.5,7.42,7.17,7.58,7.42,10,10,10,7.42,0,82,0.13,0,0,"None",1,"September 1st, 2021","NKG Quality Service (a division of Bernhard Rothfos Intercafé AG)","4ef366106e3e0154910b04e7f00eabb68b1e1842","313a15ddc00be422961ea35b77a07e6755f8b591",386512,"m",680,680,680
"69","Mexico","finca pluma hidalgo","017","cosecha bienestar sapi sa de cv","","centro agroecológico del café a. c.","1300","mexico","COSECHA BIENESTAR SAPI DE CV",275,"69 kg","Centro Agroecológico del Café A.C.","2019","August 17th, 2020","cosecha bienestar sapi de cv","Typica","Completed","Washed / Wet",7.5,7.5,7.25,7.42,7.33,7.33,10,10,10,7.58,0,81.92,0.11,0,0,"Green",0,"August 17th, 2021","Centro Agroecológico del Café A.C.","2e3ec91414daee91c6efb8f67a4b26b5f3e66c3b","d7152d89b707c0efbcc7347f6c88544fe203b6fa",778342,"m",1300,1300,1300
"70","Brazil","not specificated","002/1738/0121","dry mil of cocapil cooperative","002/1738/0121","marubeni corporation","1200-1300","alta mogiana","Cocapil cooperative",430,"60 kg","Japan Coffee Exchange","2020 / 2021","October 27th, 2020","ikuto uehara","Other","Completed","Natural / Dry",7.58,7.25,7.33,7.42,7.42,7.33,10,10,10,7.42,0,81.75,0.115,0,2,"Green",2,"October 27th, 2021","Japan Coffee Exchange","6581de2d874e7e9a52288f22d67124f70aeb24cc","fbd9ea91e040a94b329c1772906d76f6f2ead381",551160,"m",1200,1300,1250
"71","Taiwan","御香咖啡園 (yuxiang coffee garden)","2020 臺南市精品咖啡評鑑批次","御香咖啡園 (yuxiang coffee garden)","","tcl 台灣咖啡研究室","650","dongshan dist., tainan city","陳建源 (CHEN, CHIEN-YUAN)",20,"50 kg","NKG Quality Service (a division of Bernhard Rothfos Intercafé AG)","2019","September 1st, 2020","lin, che-hao krude 林哲豪","Other","Completed","Washed / Wet",7.33,7.5,7.25,7.25,7.75,7.33,10,10,10,7.33,0,81.75,0.11,0,0,"Bluish-Green",0,"September 1st, 2021","NKG Quality Service (a division of Bernhard Rothfos Intercafé AG)","4ef366106e3e0154910b04e7f00eabb68b1e1842","313a15ddc00be422961ea35b77a07e6755f8b591",740624,"m",650,650,650
"72","Brazil","cafebras comercio de café","CB598/20 A - B0215/20","dry mill","","cafebras comércio de cafes do brasil","900","cerrado","CAFEBRAS COMERCIO DE CAFÉ",300,"60 kg","Brazil Specialty Coffee Association","2019","April 17th, 2020","joão batista jarduli","Mundo Novo","Completed","Natural / Dry",7.25,7.42,7.25,7.58,7.5,7.33,10,10,10,7.42,0,81.75,0.11,0,0,"",7,"April 17th, 2021","Brazil Specialty Coffee Association","63f5d7a99575e7337c2f97b797df672d7f3d99da","fc61b28559223ff2dc4c0b8d7b960d651d9c8e26",357799,"m",900,900,900
"73","Brazil","cafebrascomercio decafe","CB598/20 B - B0216/20","dry mill","","cafebras comércio de cafes do brasil","900","cerrado","CAFEBRAS COMERCIODE CAFÉ",20,"60 kg","Brazil Specialty Coffee Association","2019","April 17th, 2020","joão batista jarduli","Mundo Novo","Completed","Natural / Dry",7.33,7.5,7.25,7.42,7.33,7.5,10,10,10,7.42,0,81.75,0.11,0,0,"Green",6,"April 17th, 2021","Brazil Specialty Coffee Association","63f5d7a99575e7337c2f97b797df672d7f3d99da","fc61b28559223ff2dc4c0b8d7b960d651d9c8e26",202360,"m",900,900,900
"74","Indonesia","pondokbaru, benermeriah","ptraas no.2","pondokbaru, benermeriah","15/3515/57 & 15/3515/58","pt rajawali artha agro sejahtera (ptraas)","1200","sumatra","PT. Rajawali Artha Agro Sejahtera",320,"60 kg","Specialty Coffee Association of Indonesia","2020","September 29th, 2020","ptraas","Mandheling","Completed","Washed / Wet",7.42,7.33,7.42,7.42,7.33,7.42,10,10,10,7.33,0,81.67,0.12,0,3,"Green",4,"September 29th, 2021","Specialty Coffee Association of Indonesia","4a93db0a8011fadab7f8239a1b8d7f4ee59391a7","4784d93df300304d8205ce503ef5b01eda745bb5",385795,"m",1200,1200,1200
"75","Honduras","las cuchillas","320","dry mill","13-111-195","mercon honduras","1500","comayagua","Fausto Nahun Maldonado",275,"69 kg","Instituto Hondureño del Café","2020","June 2nd, 2020","juan manuel sanchez silvestre","Catuai","Completed","Washed / Wet",7.58,7.5,7.17,7.25,7.33,7.42,10,10,10,7.42,0,81.67,0.11,0,0,"Green",4,"June 2nd, 2021","Instituto Hondureño del Café","47f6e97ac9d0c2f153aefea0b25aeadd14c069cf","60bb08f9e0e189fb9d181db9f4fb6f54ac3cb278",503643,"m",1500,1500,1500
"76","Vietnam","apollo estate","Apollo Honey (2) 2019","dry mill","","sunvirtue co., ltd.","1040","dalat","Yeh, Li Chuan",1,"2 kg","Specialty Coffee Association","2019","March 10th, 2020","sunvirtue co., ltd.","Catimor","Completed","Washed / Wet",7.17,7.42,7.33,7.08,7.42,7.67,10,10,10,7.58,0,81.67,0.13,1,0,"Green",0,"March 10th, 2021","Specialty Coffee Association","f651e007b5572c9033e8966394f12cd0e4a5c352","607a6b3c9391f20386fb2c11d69521950f85908c",734614,"m",1040,1040,1040
"77","Brazil","fazenda bom jardim","1","dry mill","","mr.brown cafe","1100","minas gerais state, cerrado region","Lucas V. Nascimento",320,"60 kg","Blossom Valley International宸嶧國際","2019","November 7th, 2020","mr.brown cafe","Bourbon","Completed","Natural / Dry",7.33,7.33,7.33,7.25,7.58,7.33,10,10,10,7.42,0,81.58,0.105,0,0,"Other",0,"November 7th, 2021","Blossom Valley International宸嶧國際","21b97b50530f1719226acd11109f780f648798c5","4de1973464d8935971421d25e7d6a9f231af9c86",435010,"m",1100,1100,1100
"78","Brazil","santa rita de cássia","0547/19","alfenas","","olam specialty coffee","1150","carmo de minas","Carlos Henrique Moreira",300,"18000 kg","Brazil Specialty Coffee Association","2018","December 26th, 2019","pedro santos e silva","Catuai","Completed","Natural / Dry",7.42,7.5,7.17,7.33,7.33,7.42,10,10,10,7.33,0,81.5,0.11,0,0,"Green",8,"December 25th, 2020","Brazil Specialty Coffee Association","63f5d7a99575e7337c2f97b797df672d7f3d99da","fc61b28559223ff2dc4c0b8d7b960d651d9c8e26",154271,"m",1150,1150,1150
"79","Nicaragua","exportadora atlantic s.a","017-053-0042","dry mill","017-053-0042","exportadora atlantic s.a","1100","nueva segovia","Several producers",275,"69 kg","Asociación de Cafés Especiales de Nicaragua","2020","January 18th, 2020","exportadora atlantic, s.a.","Caturra","Completed","Washed / Wet",7.42,7.42,7.17,7.58,7.17,7.42,10,10,10,7.33,0,81.5,0.11,2,2,"Green",9,"January 17th, 2021","Asociación de Cafés Especiales de Nicaragua","27753597c71b4719e8eea945d35b4afbea9df3bf","b29ae309be5f2c54e797e9e20f91586a5e444979",244253,"m",1100,1100,1100
"80","Guatemala","linda vista","11-973-1040","linda vista","11-973-1040","mercon guatemala, s. a.","1800","santa rosa","PABLO ARTURO CHUY FLORES",275,"69 kg","Asociacion Nacional Del Café","2020","September 9th, 2020","angelica paola citan lopez","Catuai","Completed","Natural / Dry",7.25,7.42,7.17,7.58,7.33,7.42,10,10,10,7.33,0,81.5,0.1,0,3,"Green",9,"September 9th, 2021","Asociacion Nacional Del Café","6c171f3a8b7b3f7fa90b37f96b089b6e4823c87d","1000f3eea06dd24fe3e429f77f6cfaf4562d069b",947026,"m",1800,1800,1800
"81","El Salvador","tres volcanes","6","acpa. ataisi de r.l.","9","consejo salvadoreño del café","1400","apaneca","ACPA. ATAISI DE R.L.",275,"69 kg","Salvadoran Coffee Council","2019","May 19th, 2020","consejo salvadoreño del café","Bourbon","Completed","Washed / Wet",7.25,7.58,7.33,7.42,7.25,7.33,10,10,10,7.25,0,81.42,0,0,3,"Bluish-Green",2,"May 19th, 2021","Salvadoran Coffee Council","8e65ca76ef83abf9d6c101c253c0c3b1e8273cf6","f135f7e06455036527619ac14d51d4736f71e82e",609705,"m",1400,1400,1400
"82","Honduras","not specificated","13/186/046","dry mill of safracafe","13/186/046","marubeni corporation","1200-1500","honduras copan","Aprocafesca",282,"69 kg","Japan Coffee Exchange","2020","October 27th, 2020","ikuto uehara","Other","Completed","Washed / Wet",7.5,7.33,7.25,7.33,7.25,7.25,10,10,10,7.33,0,81.25,0.12,0,2,"Green",0,"October 27th, 2021","Japan Coffee Exchange","6581de2d874e7e9a52288f22d67124f70aeb24cc","fbd9ea91e040a94b329c1772906d76f6f2ead381",770298,"m",1200,1500,1350
"83","Costa Rica","beneficio montañas del diamante","10372","beneficio montañas del diamante","5-0025 -0100","ceca,s.a.","1850","tarrazu","Martín Gutierrez",250,"69 kg","Specialty Coffee Association of Costa Rica","2020","March 27th, 2020","ceca, s.a.","Caturra","Completed","Washed / Wet",7.25,7.33,7.25,7.42,7.33,7.33,10,10,10,7.33,0,81.25,0.09,0,2,"Green",4,"March 27th, 2021","Specialty Coffee Association of Costa Rica","b9aae988aae1d9ea780edbcea541e142e93899a0","5a303a9ee700ce952d9fd93d46a1915bb545a456",416481,"m",1850,1850,1850
"84","Vietnam","apollo estate","Apollo Washed 2019","dry mill","","sunvirtue co., ltd.","1040","dalat","Yeh, Li Chuan",1,"2 kg","Specialty Coffee Association","2019","March 10th, 2020","sunvirtue co., ltd.","Catimor","Completed","Washed / Wet",7.58,7.67,7.25,7.58,7.42,7.33,10,10,8.67,7.67,0,81.17,0.13,0,0,"Bluish-Green",0,"March 10th, 2021","Specialty Coffee Association","f651e007b5572c9033e8966394f12cd0e4a5c352","607a6b3c9391f20386fb2c11d69521950f85908c",131629,"m",1040,1040,1040
"85","Indonesia","pondokbaru, benermeriah","ptraas no.2","pondokbaru, benermeriah","15/3515/57 & 15/3515/58","pt rajawali artha agro sejahtera (ptraas)","1200","sumatra","PT. Rajawali Artha Agro Sejahtera",320,"60 kg","Specialty Coffee Association of Indonesia","2020","July 20th, 2020","ptraas","Mandheling","Completed","Washed / Wet",7.33,7.33,7.17,7.5,7.42,7.08,10,10,10,7.25,0,81.08,0.12,0,8,"Green",4,"July 20th, 2021","Specialty Coffee Association of Indonesia","4a93db0a8011fadab7f8239a1b8d7f4ee59391a7","4784d93df300304d8205ce503ef5b01eda745bb5",436849,"m",1200,1200,1200
"86","Honduras","cerro negro","2668","seco","13-108-1054","compañia hondureña del café s.a. de c.v.","1400","zona de santa marta, municipio de san marcos, departamento de ocotepeque, honduras","Feliciano Rivera",275,"69 kg","Instituto Hondureño del Café","2019","July 9th, 2020","compañia hondureña del cafe s.a de c.v.","Catimor","Completed","Washed / Wet",7.5,7.33,7.08,7.17,7.5,7.25,10,10,10,7.17,0,81,0.1,0,0,"Green",5,"July 9th, 2021","Instituto Hondureño del Café","47f6e97ac9d0c2f153aefea0b25aeadd14c069cf","60bb08f9e0e189fb9d181db9f4fb6f54ac3cb278",139380,"m",1400,1400,1400
"87","Nicaragua","mercon coffee group cisa","017/001/623-1663","mercon coffee group cisa","017/001/623-1663","ncc","1300","matagalpa","Mercon Coffee Group CISA",165,"69 kg","Japan Coffee Exchange","2019","October 27th, 2020","yukinobu ueda","Catuai","Completed","Washed / Wet",7.33,7.25,7.25,7.25,7.25,7.25,10,10,10,7.25,0,80.83,0.12,0,2,"Green",0,"October 27th, 2021","Japan Coffee Exchange","6581de2d874e7e9a52288f22d67124f70aeb24cc","fbd9ea91e040a94b329c1772906d76f6f2ead381",351180,"m",1300,1300,1300
"88","Colombia","sucafina colombia sas","3-0960-00610","sucafina colombia sas","3-0960-00610","sucafina colombia sas","1300","huila","Sucafina Colombia SAS",275,"70 kg","CQI Colombia SAS","2019","February 12th, 2020","sucafina colombia sas","Other","Completed","Washed / Wet",7.75,7.67,7.83,7.67,7.42,7.58,8.67,8.67,10,7.58,0,80.83,0.11,0,1,"Green",3,"February 11th, 2021","CQI Colombia SAS","062d40c4f33cad4ef4ce6ac75255ed0bc9b6eec4","12c85c34a8b474e4ffc7d898f3a47290217a0b1f",576176,"m",1300,1300,1300
"89","Nicaragua","aldea global","P48161","aldea coffee","017/191/1841","asociación aldea global jinotega","1100","matagalpa","Aldea Global",275,"69 kg","Asociación de Cafés Especiales de Nicaragua","2020","July 14th, 2020","asociación aldea global jinotega","SHG","Completed","Washed / Wet",7.33,7.17,6.83,7.25,7.5,7.33,10,10,10,7.33,0,80.75,0.12,3,2,"Green",12,"July 14th, 2021","Asociación de Cafés Especiales de Nicaragua","27753597c71b4719e8eea945d35b4afbea9df3bf","b29ae309be5f2c54e797e9e20f91586a5e444979",898272,"m",1100,1100,1100
"90","El Salvador","tuxpal","1","tuxpal","09-392-97","consejo salvadoreño del café","1200","apaneca","Tejemet, S.A. de C.V.",275,"69 kg","Salvadoran Coffee Council","2019","July 17th, 2020","consejo salvadoreño del café","Bourbon","Completed","Washed / Wet",7.08,7.08,7,7.42,7.42,7.33,10,10,10,7.33,0,80.67,0,0,1,"Green",6,"July 17th, 2021","Salvadoran Coffee Council","8e65ca76ef83abf9d6c101c253c0c3b1e8273cf6","f135f7e06455036527619ac14d51d4736f71e82e",285178,"m",1200,1200,1200
"91","Mexico","does not apply","20.016-2222-0386","beneficio seco dos rios","20.016-2222-0386","agroindustrias unidas de mexico sa de cv","1100","coatepec, veracruz","DOES NOT APPLY",275,"69 kg","Centro Agroecológico del Café A.C.","2020","February 14th, 2020","laura hernandez","Typica","Completed","Washed / Wet",7.25,7.25,7,7.33,7.17,7,10,10,10,7.33,0,80.33,0.12,0,0,"Green",3,"February 13th, 2021","Centro Agroecológico del Café A.C.","2e3ec91414daee91c6efb8f67a4b26b5f3e66c3b","d7152d89b707c0efbcc7347f6c88544fe203b6fa",652875,"m",1100,1100,1100
"92","Honduras","la cuesta","366","dry mill","13-111-208","mercon honduras","1500","san andres","Bernardina Sanchez",92,"30 kg","Instituto Hondureño del Café","2019","September 18th, 2020","juan manuel sanchez silvestre","Catuai","Completed","Washed / Wet",7.75,7.5,7.42,7.5,7.67,7.42,6,6,6,7.5,-4,66.75,0.1,0,0,"Green",8,"September 18th, 2021","Instituto Hondureño del Café","47f6e97ac9d0c2f153aefea0b25aeadd14c069cf","60bb08f9e0e189fb9d181db9f4fb6f54ac3cb278",799551,"m",1500,1500,1500
